Brain,AL_left,AL_right,CX,MB_left,MB_right,PI,SEG
2026_03_06nsybxtimer_F_2_100x_AL.tif.frames,0.6127340303440091,1.42521004156773,0.9986295002782688,0.9993153115329544,0.8136148325821778,0.9999961806534222,1.4233573051700374
2026_03_06nsybxtimer_F_2_100x_MB.tif.frames,1.0209827467712456,1.274497922911367,0.7537420582410591,0.7533026967343894,1.3251020960667357,0.758761181148574,0.8862036495489771
2026_03_06nsybxtimer_F_2_100x_SEG.tif.frames,0.7960726189321672,0.5928384857810544,0.7980853728709564,1.016385939612977,0.5989330057481114,0.8381715943529154,0.3303591434017973
2026_03_06nsybxtimer_F_4_100x_AL.tif.frames,0.7865746862621082,0.6002674955631029,0.8034345252300347,0.5914984605392547,0.7930330756395806,1.314104178177936,0.6188306312855262
2026_03_06nsybxtimer_F_4_100x_MB.tif.frames,0.5557562112808228,0.4286898076534271,0.5713101625442505,0.5118770599365234,0.428375780582428,0.5710920691490173,0.2012062161178606
2_18_26 TIMERXREPO2.00v1xFemale2.tif.frames,0.8532597444042234,0.5299577987878914,2.2527985676884423,1.9557789175078997,3.3196239998828885,1.3015301466301483,0.5819777250289917
2_18_26 TIMERXREPO2.00v1xFemale3_20x.tif.frames,1.1889271651743618,1.715102754700481,1.1834965593815467,1.027508359437804,1.184336952922203,1.1693235620157094,0.4292875452342456
2_18_26 TIMERXREPO2.00v1xFemale4_20x.tif.frames,0.6666802167892456,0.6666802167892456,0.9986976385116576,0.9986976385116576,0.6666802167892456,0.6666802167892456,1.333686120035278
2_18_26 TIMERXREPO2.00v1xFemale4_20x_0001.tif.frames,0.8732538819313049,0.8729938765406644,0.8751812084113925,0.62191349196827,0.8638785917786281,0.8688865444755466,0.8694597677470549
2_18_26 TIMERXREPO2.00v1xFemale6_20x.tif.frames,0.9396544634634788,0.8384109663842284,0.9379514172672144,0.9379373084977964,1.2482739826032667,0.9373166786118652,1.2457304597308487
2_18_26 TIMERXREPO2.00v1xFemale6_20x_0001.tif.frames,1.7211727132837036,1.8687864468307127,1.5936217689220389,1.5192826412669804,1.7189344826653827,1.7721158709500973,5.058616464829766
2_18_26 TIMERXREPO2.00v1xFemale6_20xoptimized.tif.frames,0.8942324797296584,1.959917012087762,1.1106244500882276,1.590158780914854,0.84777077160696,1.0112809630255295,2.4873837316609455
2_18_26 TIMERXREPO2.25v1xFemale1_20x.tif.frames,11.550974441298496,5.775839492141212,1.1334869686145423,1.1330923626524902,11.537577750964802,1.1259648830123217,5.775839492141212
2_18_26 TIMERXREPO2.25v1xMale1_20x.tif.frames,1.3337676789637496,1.324689211636458,1.9991044899228,1.9920208657543024,1.330470156497925,1.9920208657543024,0.6669652494888929
2_18_26 TIMERXREPO2.25v1xMale2_20xoptimized.tif.frames,1.3291197944798627,1.444296308246415,1.410773725890623,1.2637735761506994,1.6365034778543264,1.1195351463247696,1.3612869168355846
2_18_26 TIMERXREPO2.25v1xMale2_30xCenteronly.tif.frames,0.4997420689557319,0.4430535282030792,0.7824114976030044,1.2432589429566612,0.4983847910937466,1.2287125652419588,0.4824400003469885
Draper_Dee7_1week_moderate_double_f1,0.9733571006843468,0.9983968734741212,0.9984397796311868,1.1654349633356664,0.8400962422786393,0.9942168216488904,1.166475466438172
Draper_Dee7_1week_moderate_double_f2,0.8734835989451123,0.7292602752494924,0.8941848390192285,0.7522962003581398,1.0225122019941792,1.025646662620408,0.7496623992919922
Draper_Dee7_1week_moderate_double_f3,0.7558147581681268,0.6180097120297671,0.8621149679370165,0.8641355922704387,0.6201302632539403,0.8642097289712313,0.6202510815790542
Draper_Dee7_1week_moderate_double_f4,1.3575094066558395,1.359351590812091,1.1536372206875127,1.1782452569710418,1.1454219827611123,1.3440538651472391,1.159656080279811
Draper_Dee7_1week_moderate_double_f5,0.7173481323966518,0.9994875867624646,0.6692452653805931,0.7539123075095571,0.6677796245389938,0.838246716865646,0.6666594504897203
Draper_Dee7_1week_moderate_double_m1,0.3253243321409572,1.0007674123462071,1.0013090011848662,0.23852976920476,0.3973687955820643,1.0010798298198231,0.9997563251543228
Draper_Dee7_1week_moderate_double_m2,1.1985010255200852,0.9002998011818436,0.9051419188116052,1.0328005407272578,0.9002448023465163,0.9056415762429436,0.8893735132741852
Draper_Dee7_1week_moderate_double_m3,1.1264826458215422,1.1160473098747157,1.0078458542690367,1.004365256103387,1.129246018822514,0.9988175245232752,1.1298744778044385
Draper_Dee7_1week_moderate_double_m4,1.5916312277338736,2.6612455069596894,1.595808611493774,1.9972982030774833,2.6623905062529283,1.389292114558914,3.187885138121195
Draper_Dee7_1week_moderate_double_m5,1.5915422702938762,1.591783879392215,1.5860130800854564,1.2977729978255463,1.1599036955706812,1.595538067589006,1.5899211307279166
Draper_Dee7_1week_moderate_single_f1,0.6814523973468641,0.6181514590010087,0.7310990659045729,0.7265701249661412,0.5326249984468935,0.791189486971599,0.5962361484950414
Draper_Dee7_1week_moderate_single_f2,0.5664825879404999,0.722121190675385,0.733977350887147,0.5625775788579023,0.7272791427049236,0.5745664433881376,2.8369469751457776
Draper_Dee7_1week_moderate_single_f3,1.528396530293293,1.4273344183528371,1.6573886664442736,0.6797061573720568,0.8864051180680304,0.8151044249534607,1.190958080704393
Draper_Dee7_1week_moderate_single_f3 (1),0.098199644448155,2.0028519572319965,1.005691170634861,0.097505599861857,1.003841283302601,1.0028987403054634,0.0981807582004523
Draper_Dee7_1week_moderate_single_f4,2.583721188192247,1.383651514652934,1.0,1.0845869056000152,1.6150486915931108,1.080956734582374,1.0344359451416298
Draper_Dee7_1week_moderate_single_f5,1.1701862473128142,1.1698530577316617,1.0091570391356444,0.67210837455569,0.5736078330194183,1.1680639986360837,1.007828362400184
Draper_Dee7_1week_moderate_single_m1,1.6009375136259174,1.5913819772473723,1.456187990908188,1.324360987067145,1.2287629897223478,0.9843691190098468,2.475811031963302
Draper_Dee7_1week_moderate_single_m2,0.6698056573231824,0.4723133326698424,0.9996440347329792,1.2774966790751443,1.0000608602092853,1.008589685913075,0.4767555746162005
Draper_Dee7_1week_moderate_single_m3,2.495640618200399,2.495640618200399,2.084223081675968,1.823349838971284,1.4397088317923803,1.494496564850026,2.550664032303274
Draper_Dee7_1week_moderate_single_m4,0.0553603042509466,0.0591925989869679,0.0555387518578089,0.0693053118791048,0.05543869465433,0.0690500890352176,0.1580593514114227
Draper_Dee7_1week_moderate_single_m5,1.0009607250145678,0.4041334744457975,1.000438321618219,1.0015563091576642,0.1766853074386069,0.9939245947128192,1.0014779535360476
Draper_Dee7_48hours_moderate_single_m1,1.9998006155636725,1.3996893823483607,1.4039640532255946,1.9969061819068936,0.8750531807099536,1.37853336924877,1.7416488870191045
Draper_Dee7_48hours_moderate_single_m2,1.0745039580919789,0.9197145427413074,0.8887450456650076,1.074463328854281,0.8879911559001259,0.9720860636672326,1.2101052571742843
Draper_Dee7_48hours_moderate_single_m3,0.7056216343687584,1.2870904275061423,0.9546299556531832,1.082264154502934,0.4150321107249332,0.2609761150035377,1.2239195875089497
Draper_Dee7_48hours_moderate_single_m3 (1),2.2346139531540223,1.0,1.0,3.1270674087807393,2.2964794067605405,1.1842288116667363,0.5436363217634863
Draper_Dee7_48hours_moderate_single_m4,1.0691971461490406,1.4184323360998958,0.9954499628607952,1.0704951109890537,0.9976791276134492,1.1091100809087453,1.4275733294289
Draper_Dee7_aged_control_control_f1,1.4943586790492274,1.1258075983158595,1.4980242107479933,1.4996490149759272,1.125051524434787,1.497886437474632,1.4984816373732206
Draper_Dee7_aged_control_control_f2,0.1241896227002143,0.9258235363451932,0.0153531558817768,0.2024699097036248,0.1537520319500064,0.1532373743800719,3.5075876190462254
Draper_Dee7_aged_control_control_f3,0.1854341501681419,0.1391088860486202,0.1850659967332227,0.185465104878767,0.1443166504083282,0.1391542055147457,0.0930962304378081
Draper_Dee7_aged_control_control_f4,0.0158258949870413,0.0236379138624272,0.0158286574877494,1.0024781092778492,0.0234997405186372,0.0157615782009929,0.0157853395629899
Draper_Dee7_aged_severe_single_f1,0.6967386630263896,0.7935784075041729,3.0138376621689513,1.0019796942606678,1.5208023054684836,0.9730576872825624,0.5564517948306318
Draper_Dee7_aged_severe_single_f2,0.4029103638956634,0.3645758148108458,0.4633876101239598,0.5931044259664265,0.4107241313582257,0.5919538683905441,0.4693091950991219
Draper_Dee7_aged_severe_single_f3,2.6407924688919544,2.0927136160096453,1.5964323806785163,1.0,1.7423037787992386,1.611092764311312,0.92997804916908
Draper_Dee7_aged_severe_single_f4,0.2501422536731342,0.2484137219564735,1.171030010967437,1.3027828802629384,1.2587931757548705,1.3001612684018364,0.0935841210638614
Draper_Dee7_aged_severe_single_f5,0.0986708988658476,0.0658052023711218,0.0887890893904008,0.0975880791364983,0.0691275359183044,0.0605745473421892,0.0984207116789378
Draper_Dee7_aged_severe_single_f6,0.1200376601676227,0.3138152478117181,0.1161185802774205,0.1161124483800222,0.3138152478117181,0.1159420380507662,0.3138152478117181
Draper_Dee7_aged_severe_single_f7,0.1073198142485775,1.2312949342797233,0.9951698780059814,0.1075059400520834,0.9979871144310236,0.9917517061580616,0.1985023565228347
Draper_Dee7_paraquat_48h_1week_f1,1.4305161159741158,1.4306424648397702,1.2015299691467347,1.5921369351783528,1.31824887768864,1.1173881280617688,1.436446394429798
Draper_Dee7_paraquat_48h_1week_f2,0.2000298301597357,0.1998548139916294,0.1999856789450464,0.1362553500588992,0.2343265816253822,0.1664457640255942,0.1666542110885688
Draper_Dee7_paraquat_48h_1week_f3,0.2451043663620167,0.218591018643197,0.1748179394201225,0.1495358692864488,0.2181581317380542,0.1652320556591319,0.224369015902047
Draper_Dee7_paraquat_48h_1week_f5,1.3045356885739043,1.0000237282832551,0.9994121193885804,0.7539745050008517,0.999415389911261,0.8745468995860136,1.0001781660090867
Draper_Dee7_paraquat_48h_1week_f6,1.7488531631452902,0.9330708276940528,1.1625820169710468,0.9293310069524412,0.7795104163107159,1.7496452539666107,1.167912495890222
Draper_Dee7_paraquat_48h_1week_f6 (1),0.5712940096855164,0.8572943311728601,0.8568886734250046,0.852807828026481,0.8546508854285932,0.837429242245257,0.8564894919778954
Draper_Dee7_paraquat_48h_1week_m1,0.4093426146242772,2.6471002689235092,0.3072373569011688,0.5492823415518857,0.3605849847339572,0.8039257538464945,1.0270345096550215
Draper_Dee7_paraquat_48h_1week_m2,0.1394087165247807,0.1881030843787836,0.1665388014993274,0.1388778640815592,0.1877372661497906,0.1609465521857821,0.1669409940311503
Draper_Dee7_paraquat_48h_1week_m3,1.5980827817891587,0.8328509743036537,1.3152754381380405,0.3481349458768925,1.7790786246497905,0.3987810280554838,0.4164212406838452
Draper_Dee7_paraquat_48h_1week_m4,0.9643320467600348,1.4998468547526462,1.118022133224431,1.1345368762892334,1.4994432307914622,0.9643764070033052,1.4216086277780764
Draper_Dee7_paraquat_48h_1week_m5,0.1619437198244007,0.2668077387798777,0.1586830761300541,0.1591877917715075,0.1622862036154898,0.1603571386426451,0.1069545536359021
Draper_F_PiezoModerate_48h_01.tif.frames,0.6232275921107167,0.5011182295353727,0.8681740007889571,1.5420768042548392,1.2538551476361504,1.485578933152148,0.3763195458012037
Draper_F_PiezoModerate_48h_01_20x.tif.frames,0.1956726759608076,0.572942842478678,0.3605670783167343,0.4012027771864004,0.5761069404487376,0.1301212959389973,0.5808923624073814
Draper_F_PiezoModerate_48h_01_lowblowout.tif.frames,0.7702628336596337,1.1188855270121318,1.0016464505104548,1.0745871579794295,0.769498239475977,1.0752105177594775,2.0428477246729995
Draper_F_PiezoModerate_48h_02.tif.frames,1.427981461702964,1.427981461702964,0.8394585064685471,0.8386188957795294,0.8354677265472668,0.8367645645579117,1.1216347887574365
Draper_F_PiezoModerate_48h_02_20x.tif.frames,0.7835388558685445,0.8360086630754242,0.4539757823539516,0.4568051069894077,0.7082962958247155,0.9446724109905577,0.4783072173595428
Draper_F_PiezoModerate_48h_02_lowblowout.tif.frames,1.0009298100282782,1.0602368419750985,0.9997619390487672,1.0002903624528316,0.9450322790237534,1.1321918375007234,1.0020469254076387
Draper_F_PiezoModerate_48h_03.tif.frames,1.1623865413730106,1.0494279649288978,0.9517823750473616,1.0833595813156858,1.16482452159898,1.0877285620084565,0.7549689377812828
Draper_F_PiezoModerate_48h_03_20x.tif.frames,1.6833051230933005,1.4399647072859028,1.0527340362597168,1.137419028314936,2.369817917496876,1.2020355170878574,1.6463827052063962
Draper_F_PiezoModerate_48h_03_lowblowout.tif.frames,0.5770464562578187,0.4541607556721221,0.7039341467018689,0.6013741244478583,0.4558562506448813,0.5651196945119448,1.0
Draper_F_PiezoModerate_48h_04.tif.frames,0.618503460364094,0.7743900486037049,0.5482910683326156,0.6383427700100096,0.6370536331813332,0.6185752258038772,
Draper_F_PiezoModerate_48h_04_20x.tif.frames,0.9562798683455122,0.8355118616129578,0.9298693521959206,0.9306047566262076,0.9317449470575844,0.9298584127957836,1.520001368895939
Draper_F_PiezoModerate_48h_04_lowblowout.tif.frames,0.5620413304331168,0.6153689813142577,0.4517139657383931,0.4778598836127914,1.0,0.5258549661741334,0.4302653718270668
Draper_F_PiezoModerate_48h_05.tif.frames,1.0379459106173996,0.7193980054075595,1.1690064902245372,1.1818369525293786,0.9339941010041316,1.1669789713197305,0.934073960582911
Draper_F_PiezoModerate_48h_05_20x.tif.frames,0.9049406409544748,0.904186265753389,5.3597180772023565,4.530678788730902,0.6959569488666066,0.9039377247287482,5.431104026025267
Draper_F_PiezoModerate_48h_05_lowblowout.tif.frames,1.0476992767083655,1.0483672353855151,1.047338658813237,1.138414466397039,1.174662374512225,0.8141923536575634,0.9791387502548916
Draper_M_PiezoModerate_48h_01_20x.tif.frames,0.6317261780623753,0.4066424484657479,0.6352557828968909,0.6320984334400135,0.4084687485257485,0.6357655867392052,0.4076326919192993
Draper_M_PiezoModerate_48h_02_20x.tif.frames,1.1312184828289789,0.9922868428952216,1.0773589215299253,0.9522817858820188,1.053714765300737,1.0795977594252513,1.199052469374957
Draper_M_PiezoModerate_48h_02_lowblowout.tif.frames,1.0,1.0,1.0,1.0,1.0,1.0,0.2409819834673275
Draper_M_PiezoModerate_48h_03_20x.tif.frames,1.2668036636417068,1.876535360907249,1.3692110701699434,1.459961408941837,2.8148747483866794,1.195512835813919,1.3346437994607276
Draper_M_PiezoModerate_48h_03_lowblowout.tif.frames,0.4810664589710534,1.0161976711071268,0.8195739009881998,0.6863718809926892,0.7062554796263454,0.8271360809549058,0.9116238801569952
Stat7_F_PiezoModerate_24h_01_20x.tif.frames,0.66427011215847,0.704287363646114,1.2727174214739714,1.272551761483086,0.7652319869808768,1.277388999315174,0.6758798217157115
Stat7_F_PiezoModerate_24h_01_lowblowout.tif.frames,1.2965571291266405,1.7171209467352806,1.7290033632946162,1.4193100690148386,1.7421047771468834,1.4335547440947665,1.682808200157304
Stat7_F_PiezoModerate_48h_01_20x.tif.frames,1.0,1.0,1.0,1.0,1.0,1.0,1.0
Stat7_F_PiezoModerate_48h_01_lowblowout.tif.frames,0.6112177968025208,0.986454270670361,0.6925939122792906,0.6947948479736754,1.0361611672493565,0.9841999636982498,0.6925551920112889
Stat7_F_PiezoModerate_48h_02_20x.tif.frames,0.2888527806286325,0.529796285186576,0.2896857959304272,0.2601244266232012,0.2893249803441287,0.2356760571637614,0.5052567789131004
Stat7_F_PiezoModerate_48h_02_lowblowout.tif.frames,0.440534104265818,0.551250483017499,0.4062556375486819,0.4077380546058865,0.4902601828301546,0.4061262111986516,0.6615473051860492
Stat7_F_PiezoModerate_48h_03_lowblowout.tif.frames,1.0,1.0,1.0,1.0,1.0,1.0,1.0
Stat7_F_PiezoModerate_48h_04_lowblowout.tif.frames,1.9145350171691888,1.925658508126308,1.806836036184505,1.7985848205664106,1.915877950616112,2.1840745666391097,1.9638674949516093
Stat7_F_PiezoModerate_48h_05_lowblowout.tif.frames,0.9784148998533204,0.977914183753139,0.9807812461924604,1.0467882099128285,0.982162110879997,0.9676241543555638,0.9771394898352652
Stat7_M_PiezoModerate_48h_01_lowblowout.tif.frames,0.5325176287882912,0.5311357975006104,0.5324313284194994,0.7982728012799261,0.6148553648271355,0.5818330390614699,0.1851609725407088
Stat7_M_PiezoModerate_48h_02_20x.tif.frames,3.5005709193455017,2.4386091683106312,2.767364685298623,3.499881652210286,2.5452441979123788,2.43949452504631,2.9632005375219252
Stat7_M_PiezoModerate_48h_02_lowblowout.tif.frames,1.1294860198186152,0.9435506360004228,1.0196940074455323,0.8500758932873443,1.2696115131512182,1.0155874248008063,0.7272866797925408
Stat7_M_PiezoModerate_48h_03_20x.tif.frames,0.8646882217937286,1.1800029001329568,0.8577554987309932,1.1772781353614663,0.8552183475908529,1.0102651717427562,1.6258729231172626
Stat7_M_PiezoModerate_48h_03_lowblowout.tif.frames,0.9281865973609716,0.925793793564301,0.9322147309985448,0.935030744746056,1.0248860989526185,1.0231750009940157,1.2205558210851282
Stat92E_GFP_1week_moderate_double_f1,1.010273817418102,1.0116037272646077,0.8643848817418964,0.7588980279390634,1.0053209902934503,0.8707415471059824,0.6727348394227314
Stat92E_GFP_1week_moderate_double_f2,4.067070252418617,5.439137224624855,2.718138085044356,2.711156478318219,3.0397946873496773,2.724838433099909,4.8822578602881395
Stat92E_GFP_1week_moderate_double_f4,0.7757828262136826,0.7613229075765056,0.7482650600080466,1.5494893045193157,0.7482837582995456,0.6876678787233004,0.9999662627314228
Stat92E_GFP_1week_moderate_double_f5,0.6365049757807903,1.0,1.0,2.559601233999647,2.5606392220714276,1.0,1.8381582946657244
Stat92E_GFP_1week_moderate_double_m1,2.1896390126133896,2.0409532905703034,1.5996334704135569,1.5931991588757468,2.045910975423772,2.2422614036908484,1.4767991555313262
Stat92E_GFP_1week_moderate_double_m2,1.1022479366709326,1.0310449051860209,1.0494549531857402,1.0506037364077887,1.0278743514084483,0.9802781165519354,1.0277388535153875
Stat92E_GFP_1week_moderate_double_m3,1.120687636426435,1.665318196876589,1.1109724153212863,1.2229788210054506,1.1092603384077144,1.4228142398837245,1.4259314973710415
Stat92E_GFP_1week_moderate_double_m4,1.6701492853010858,0.9574685555236304,1.4311177045593186,1.0021137094823744,0.9576577143378072,1.4401315773078556,1.429130757049043
Stat92E_GFP_1week_moderate_single_f1,1.3548129858627516,1.289448578916958,1.586483693824827,1.5975340242404947,1.470839923337517,1.3434050930469523,1.3252044310113646
Stat92E_GFP_1week_moderate_single_f2,1.0905755337126135,1.0987606462959632,0.795638075677653,1.387095785734422,1.1567693576036686,1.4188336591809028,0.9523034243411582
Stat92E_GFP_1week_moderate_single_f3,0.6771063823962329,0.6965402019467966,0.8033975893159455,0.8047725842745507,0.7048972298646502,0.7550561785693827,0.9292789216885888
Stat92E_GFP_1week_moderate_single_f4,0.9791464016725928,1.0000819295689538,1.0021779838483276,0.7594869220355687,1.1934280832744528,1.000228281931345,1.000738968767534
Stat92E_GFP_1week_moderate_single_f5,0.4631713969077141,0.4631360042558612,0.6063247887881299,0.7791815611153319,0.4646047878829296,0.6898557833967445,0.7681705082564992
Stat92E_GFP_1week_moderate_single_m1,3.2197405952785103,3.403320869799442,4.156751458504497,4.751692032811404,3.227115747383432,4.117329109612033,
Stat92E_GFP_1week_moderate_single_m2,2.304753511355071,2.143653117825296,2.99270359164823,3.700885392320769,1.910812276797428,3.733409334307769,1.5515663662635983
Stat92E_GFP_1week_moderate_single_m3,2.127211575496662,2.6211282966437124,2.2944867291471978,2.277941758039919,2.614019390575303,2.10479744247467,2.541182332998492
Stat92E_GFP_1week_paraquat_48hours_m1,1.746485066075185,1.123718796653998,1.0050136310687596,0.8054875585721257,0.9997259278403836,0.9843588595050798,0.9771667609689798
Stat92E_GFP_1week_paraquat_48hours_m2,0.8227205789454703,0.9288062655531466,1.5512934600700423,1.5527778139395618,1.4411895794995604,1.5567872526403892,1.3668454699108925
Stat92E_GFP_1week_paraquat_48hours_m3,0.8904652198934413,1.5574972246439076,1.333469486240934,1.333559747186069,1.5539628830126908,1.3351666770093846,1.5563947780847345
Stat92E_GFP_1week_paraquat_48hours_m4,1.8062480227991609,1.315278904153144,1.7005075896668709,1.1462216165718406,1.3818318915926486,1.384664399192948,2.4220946637851632
Stat92E_GFP_1week_paraquat_48hours_m5,0.6737604925850866,1.314619767855886,0.9152019625810516,0.9114784071196248,1.3095421263265183,1.3088062684031838,0.9176975986060402
Stat92E_GFP_1week_paraquat_single_f1,0.5542173920745294,0.5333089232444763,0.7392772689405475,0.7709982476145962,0.7236673461665222,0.8722167709496297,0.5036303997039795
Stat92E_GFP_1week_paraquat_single_f1 (1),2.332480684795244,2.064958336504923,1.2439958903327335,1.244314878637412,1.0,1.337926342610006,1.4860889644537068
Stat92E_GFP_1week_paraquat_single_f3,2.25511608424275,0.8443319473252525,0.9968995120251668,2.2569670619983224,1.003193018048982,0.9092660498376782,2.255871122959626
Stat92E_GFP_1week_paraquat_single_f4,1.2844698803269556,0.7671942441598987,1.1224837938354353,1.1332416984479974,0.7724776480058452,1.2873520561631175,1.0797109187287506
Stat92E_GFP_1week_paraquat_single_f5,1.3181559516573702,2.0195236881622876,0.9822795514188776,2.2658105961323876,2.182263875194833,1.9978326915847628,1.5052422979101854
Stat92E_GFP_24hour_moderate_single_f1,1.426113305193251,1.2457827465803888,1.005020921855751,0.8028597215289248,1.248037223523294,1.4268105943698728,1.24970871337568
Stat92E_GFP_24hour_moderate_single_f2,0.1785112140965189,0.1780598144480081,0.1461267873025191,0.146335405228942,0.179108198939995,0.1455030128307884,0.1803303780374203
Stat92E_GFP_24hour_moderate_single_f3,1.2575218672603412,1.14285138816817,2.489882210364214,1.8239448184873557,1.7027638067531574,2.5316233439013702,1.9475081186935908
Stat92E_GFP_24hour_moderate_single_m1,1.801827144153858,1.419830296438859,1.587628514768434,1.7999953000287792,1.3892873039179052,1.5718214572146945,1.5871201983978305
Stat92E_GFP_24hour_moderate_single_m2,0.8761730163502846,0.8487973446877027,0.8782268141188769,0.8750066757202148,0.8504073231220359,0.8830991787908335,0.8749029305265106
Stat92E_GFP_24hour_moderate_single_m3,1.1683976696882867,1.4037403966962576,0.9638624607099656,1.0991720586943667,0.9570168710624544,1.3387883113236465,1.2824195336484576
Stat92E_GFP_24hour_moderate_single_m3 (1),1.0909539455383062,1.2676635766062463,1.090879510614042,0.9489557460120208,1.2682012917658907,0.948590968917544,0.8924251987786911
Stat92E_GFP_24hour_moderate_single_m4,0.9518631817989436,1.2808048449362304,1.1093982055209957,0.9456220474047,1.2756602453125814,0.9585288179062824,1.10956010180792
Stat92E_GFP_24hour_moderate_single_m5,0.816670318690295,0.3216712891793196,0.8027232153082705,0.6479762930116313,0.9980506769152864,1.1644472615222297,0.3225736237318878
Stat92E_GFP_24hours_moderate_single_f1,0.6222377519193902,0.666951596736908,0.8240389980990922,1.010031923000815,0.827169862261562,0.6554768310210138,0.8326204796054902
Stat92E_GFP_24hours_moderate_single_f2,1.8711382358653927,3.00737540648313,1.735635461298319,2.972747810725677,1.7711346311645582,1.734115531635866,1.3833544578432522
Stat92E_GFP_48hour_moderate_single_f1,0.9636161750616576,1.1296041279002165,0.9864468634991264,0.9651185728686972,0.8568986654281616,1.0097780626397914,1.1246609221549102
Stat92E_GFP_48hour_moderate_single_f2,0.7515731522526087,0.999676581577565,1.1075748656601778,0.6676375213255759,1.2492528910679608,0.7490478156498104,1.2478015206046629
Stat92E_GFP_48hour_moderate_single_f3,1.0,1.0,0.6030858836458091,0.2951892491661836,0.6450235516981612,0.6312207692617063,1.0
Stat92E_GFP_48hour_moderate_single_f4,0.8134852117838441,1.2355606707198503,1.2233563886623011,1.2216130617072245,1.223389078048488,0.8162036314333673,1.220908152253512
Stat92E_GFP_48hour_moderate_single_m1,0.694029547289824,0.6154457574999799,0.6235404681463933,0.6226596777408228,0.6167120797645854,0.6238117828305777,0.6166796567651214
Stat92E_GFP_48hour_moderate_single_m2,0.885844498115645,0.7964594577809155,1.33249542481747,1.316871500650621,0.8878979881911676,1.3327162245440636,0.668547825657618
Stat92E_GFP_48hour_moderate_single_m2 (1),0.832469949528841,0.829774777682047,0.7302892741318793,0.7279940556211234,0.7276809967264278,0.7256940869113062,0.6370545056641023
Stat92E_GFP_48hour_moderate_single_m3,0.8704208921722818,0.7149447634543303,0.8749984384717452,1.1285980369846735,0.979526127732982,0.9682441999554292,0.0
Stat92E_GFP_48hours_moderate_single_f5,0.2373645170392904,0.2378773901044746,0.2666733975458836,0.2439895192111932,0.237533917820584,0.2287405594985625,0.227870657800623
TIMERXREPO2.00v1xFemale2_20x.tif.frames,2.0264002425434273,2.0556032604405328,1.0203382395274474,1.022500561125676,1.5393651498471057,1.0185476854292228,2.831671174262395
UasMitoQC_RepoGal4_1week_moderate_single_f1,2.9930720052933233,1.497892849106882,2.9962460322427775,1.0009166930156228,1.9994506388647968,1.9993286778315256,0.9958871120759036
UasMitoQC_RepoGal4_1week_moderate_single_f2,1.0,1.0,1.0,1.0,1.0,1.0,0.9848055609448778
UasMitoTimer_NsybGal4_1week_mild_double_f1,1.1719674918695824,1.1738195527628903,1.1768539348552105,1.1772132263621853,1.1665739645556987,1.173332740728008,0.0
UasMitoTimer_NsybGal4_1week_mild_double_f2,0.3850861489772796,1.0,0.3595256209373474,0.4168420686520824,0.4578546285629272,0.2465890812179338,0.1668160576649997
UasMitoTimer_NsybGal4_1week_mild_double_f3,5.679096344901948,4.335333682821529,4.292265084172803,6.3788538772111005,4.255731390345787,4.334281729535794,3.3770379199137452
UasMitoTimer_NsybGal4_1week_mild_double_f4,1.00048857944795,0.9999084528532194,1.00048857944795,1.0006108959232227,1.000122256777778,1.000427428710997,0.9999084528532194
UasMitoTimer_NsybGal4_1week_mild_double_f5,0.5941489934921265,0.5118200778961182,0.2962388563477765,0.2942751636974559,0.6988450614420506,0.610084845855587,0.338649183511734
UasMitoTimer_RepoGal4_1week_moderate_5days_f2,0.7523476015424124,6.176077924981035,3.504414257387153,4.269643232224527,,6.293026138310671,4.230230323509285
UasMitoTimer_RepoGal4_1week_moderate_single_f1,1.9925806944352769,0.999603352097754,1.0020511010060096,1.0009321310290813,1.4941683583876435,1.9932219557779889,1.9921226846617008
UasMitoTimer_RepoGal4_1week_moderate_single_f3,2.5373451872910193,2.5277436399830204,2.5373451872910193,2.529602022560828,2.5373451872910193,2.5373451872910193,1.2686725936455097
UasMitoTimer_RepoGal4_1week_moderate_single_f4,2.3984802200777136,3.5915717883815907,3.597281371929727,2.3984802200777136,3.592304070347673,2.3984802200777136,3.5899617687343475
UasMitoTimer_RepoGal4_1week_moderate_single_f5,1.0454860594588011,1.046060813702279,0.8150447803405767,1.04554992104141,0.7341386304599884,1.0461566060761922,0.52307032034027
UasMitoTimer_RepoGal4_1week_moderate_single_f6,17.364117539928127,17.347158017165924,3.6885152248133193,2.5867920195877123,2.0728771735765585,1.0,5.785801281811295
UasMitoTimer_RepoGal4_1week_moderate_single_m1,4.27475795582279,1.9682076512929416,3.2391051501059076,2.036725570142164,2.0390449907902974,2.038749477099863,2.748481316497323
UasMitoTimer_RepoGal4_1week_moderate_single_m2,0.8872547421029185,4.7254803749108625,6.417624042389182,6.42588919133355,4.832450525385303,4.828025953459704,0.8857620945167745
UasMitoTimer_RepoGal4_1week_severe_single_f1,14.993415102825065,14.930725867955688,1.2722579664760172,1.288125454619599,14.986551851571846,1.272649119539209,7.496707551412532
UasMitoTimer_RepoGal4_1week_severe_single_f2,1.4077706168855937,0.7038638543716722,1.4077706168855937,1.4075987459380292,1.4077706168855937,1.4077706168855937,0.7038638543716722
UasMitoTimer_RepoGal4_1week_severe_single_f3,1.4186108716548167,0.7107370083305361,1.4210401345701993,1.4204328188413535,1.4212136874065484,1.4209534773504011,0.7107370083305361
UasMitoTimer_RepoGal4_1week_severe_single_f4,0.5693488594468898,0.5700454725596479,0.5693836479653683,1.1339403894568203,0.5687580704689026,1.1374467166997253,1.1374467166997253
UasMitoTimer_RepoGal4_1week_severe_single_m1,1.0003512100585037,1.0025399804881687,1.0003664774680767,0.9987485478314284,1.9989624973299565,1.0005958302858635,0.99920654296875
UasMitoTimer_RepoGal4_1week_severe_single_m2,1.7779524083254836,1.1568744918009637,2.06876259362581,1.4421338456915975,1.4546822640403485,2.16469901951711,1.4458667923777515
UasMitoTimer_RepoGal4_24hour_moderate_single_f1,1.079209224699197,1.1284676031203122,1.2693465469289102,1.3618698940114515,1.0580356534961737,1.0813307176223237,1.0499212017733186
UasMitoTimer_RepoGal4_24hours_moderate_single_f2,0.4595329210672301,0.4788938045340434,0.4849472918964121,0.4167813924247441,0.5005665707814777,0.7330076142554052,0.526028550342192
UasMitoTimer_RepoGal4_24hours_moderate_single_f3,1.01013483549029,1.20554362005826,0.9994858942495498,0.6064492697260533,0.9996710664362344,0.5553189498130627,3.33520307137957
UasMitoTimer_RepoGal4_24hours_moderate_single_f3 (1),0.8030273243632428,1.0169649690664415,0.8670115692135872,0.6022623522327641,0.6363506619165871,0.7971266632319022,0.621383676711702
UasMitoTimer_RepoGal4_24hours_moderate_single_f4,0.9516924619674684,0.9847566485404968,0.2190754860639572,0.0887468606233596,0.0791312679648399,0.1438076496124267,0.9897764325141908
UasMitoTimer_RepoGal4_24hours_moderate_single_f5,1.2031613888180346,0.9680734303026388,0.9573699742667672,1.2663988139978322,0.9609046374390812,1.0360026213430376,0.9503007934474048
UasMitoTimer_RepoGal4_24hours_moderate_single_f6,0.6077522748079989,0.8735740501977375,0.61593710401283,0.4590151879670076,0.587969993495824,0.4082991339477252,
UasMitoTimer_RepoGal4_starved_not5days_singleInjury_f1,3.1926070948291163,3.2414393828632213,1.0401106061064669,3.4091244428157297,2.4917611363719496,1.0256315955753832,
